create database ecommerce ;
use ecommerce;
CREATE TABLE Products (
    ProductID INT PRIMARY KEY,
    Name VARCHAR(255),
    Description TEXT,
    Price DECIMAL(10, 2),
    Category VARCHAR(50),
    Brand VARCHAR(50),
    QuantityInStock INT
);
insert into  Products (ProductID, Name, Description, Price, Category, Brand, QuantityInStock) values
(1, 'Laptop', '15.6-inch laptop with high-performance specifications', 999.99, 'Electronics', 'ExampleBrand', 50),
(2, 'Smartphone', '6.4-inch smartphone with dual camera setup', 699.99, 'Electronics', 'ExampleBrand', 100),
(3, 'Headphones', 'Wireless headphones with noise cancellation feature', 149.99, 'Electronics', 'ExampleBrand', 200),
(4, 'T-shirt', 'Cotton t-shirt with printed design', 19.99, 'Apparel', 'ExampleBrand', 300),
(5, 'Jeans', 'Slim-fit jeans made from denim fabric', 39.99, 'Apparel', 'ExampleBrand', 150),
(6, 'Running Shoes', 'Lightweight running shoes with breathable mesh', 79.99, 'Footwear', 'ExampleBrand', 120),
(7, 'Backpack', 'Water-resistant backpack with multiple compartments', 49.99, 'Accessories', 'ExampleBrand', 80),
(8, 'Watch', 'Stylish wristwatch with stainless steel strap', 129.99, 'Accessories', 'ExampleBrand', 100),
(9, 'Desk Lamp', 'Adjustable LED desk lamp with touch control', 29.99, 'Home & Office', 'ExampleBrand', 50),
(10, 'Notebook', 'Spiral-bound notebook with ruled pages', 4.99, 'Stationery', 'ExampleBrand', 200),
(11, 'Desk Organizer', 'Mesh desk organizer with multiple compartments', 12.99, 'Office Supplies', 'ExampleBrand', 80),
(12, 'Mouse Pad', 'Gaming mouse pad with smooth surface', 9.99, 'Computer Accessories', 'ExampleBrand', 150),
(13, 'External Hard Drive', 'Portable external hard drive with USB 3.0 connectivity', 79.99, 'Computer Accessories', 'ExampleBrand', 70),
(14, 'Coffee Maker', 'Programmable coffee maker with 12-cup capacity', 59.99, 'Appliances', 'ExampleBrand', 40),
(15, 'Toaster', '2-slice toaster with wide slots for bagels', 39.99, 'Appliances', 'ExampleBrand', 60),
(16, 'Yoga Mat', 'Eco-friendly yoga mat with non-slip surface', 29.99, 'Fitness & Sports', 'ExampleBrand', 100),
(17, 'Dumbbell Set', 'Adjustable dumbbell set with weight plates', 149.99, 'Fitness & Sports', 'ExampleBrand', 30),
(18, 'Resistance Bands', 'Set of 5 resistance bands with varying levels of resistance', 24.99, 'Fitness & Sports', 'ExampleBrand', 50),
(19, 'Water Bottle', 'Stainless steel water bottle with vacuum insulation', 19.99, 'Fitness & Sports', 'ExampleBrand', 120),
(20, 'Sunglasses', 'Polarized sunglasses with UV protection', 59.99, 'Accessories', 'ExampleBrand', 80),
(21, 'Smartwatch R', 'Fitness tracker with heart rate monitor', 129.99, 'Electronics', 'BrandR', 80),
(22, 'Tablet S', '10.2-inch tablet with Retina display', 499.99, 'Electronics', 'BrandS', 40),
(23, 'Wireless Earbuds T', 'True wireless earbuds with IPX7 waterproof rating', 79.99, 'Electronics', 'BrandT', 150),
(24, 'Dress U', 'Elegant dress suitable for formal occasions', 89.99, 'Apparel', 'BrandU', 70),
(25, 'Jacket V', 'Waterproof jacket with insulated lining', 149.99, 'Apparel', 'BrandV', 50),
(26, 'Sandals W', 'Comfortable sandals with adjustable straps', 39.99, 'Footwear', 'BrandW', 120),
(27, 'Travel Backpack X', 'Versatile travel backpack with detachable daypack', 99.99, 'Accessories', 'BrandX', 60),
(28, 'Leather Wallet Y', 'Genuine leather wallet with RFID blocking', 49.99, 'Accessories', 'BrandY', 90),
(29, 'LED Desk Clock Z', 'Modern desk clock with LED display', 24.99, 'Home & Office', 'BrandZ', 40),
(30, 'Ballpoint Pen AA', 'Stylish ballpoint pen with metal barrel', 9.99, 'Stationery', 'BrandAA', 200);
CREATE TABLE Customers (
    CustomerID INT PRIMARY KEY,
    Name VARCHAR(255),
    Email VARCHAR(255),
    Address VARCHAR(255),
    Phone VARCHAR(20)
);
INSERT INTO Customers (CustomerID, Name, Email, Address, Phone) VALUES
(1, 'John Doe', 'johndoe@example.com', '123 Main Street, Cityville, USA', '555-1234'),
(2, 'Jane Smith', 'janesmith@example.com', '456 Elm Street, Townsville, USA', '555-5678'),
(3, 'Michael Johnson', 'michael@example.com', '789 Oak Street, Villageton, USA', '555-9012'),
(4, 'Emily Brown', 'emily@example.com', '101 Pine Street, Hamletville, USA', '555-3456'),
(5, 'David Wilson', 'david@example.com', '234 Maple Street, Burgville, USA', '555-7890'),
(6, 'Jennifer Lee', 'jennifer@example.com', '567 Cedar Street, Forestville, USA', '555-2345'),
(7, 'Robert Martinez', 'robert@example.com', '890 Birch Street, Hilltown, USA', '555-6789'),
(8, 'Amanda Taylor', 'amanda@example.com', '111 Walnut Street, Riversend, USA', '555-1234'),
(9, 'Daniel Thomas', 'daniel@example.com', '222 Pine Street, Lakeside, USA', '555-5678'),
(10, 'Sarah Garcia', 'sarah@example.com', '333 Oak Street, Mountainview, USA', '555-9012'),
(11, 'Jessica Rodriguez', 'jessica@example.com', '444 Elm Street, Valleytown, USA', '555-3456'),
(12, 'William Hernandez', 'william@example.com', '555 Maple Street, Bridgeton, USA', '555-7890'),
(13, 'Ashley Smith', 'ashley@example.com', '666 Cedar Street, Riversville, USA', '555-2345'),
(14, 'Christopher Brown', 'christopher@example.com', '777 Birch Street, Hillside, USA', '555-6789'),
(15, 'Megan Johnson', 'megan@example.com', '888 Walnut Street, Hilltop, USA', '555-1234'),
(16, 'Matthew Wilson', 'matthew@example.com', '999 Pine Street, Mountainville, USA', '555-5678'),
(17, 'Amanda Lee', 'amanda.lee@example.com', '111 Oak Street, Lakeview, USA', '555-9012'),
(18, 'James Martinez', 'james@example.com', '222 Elm Street, Seaville, USA', '555-3456'),
(19, 'Lauren Taylor', 'lauren@example.com', '333 Maple Street, Riverview, USA', '555-7890'),
(20, 'Ryan Thomas', 'ryan@example.com', '444 Cedar Street, Hillcrest, USA', '555-2345'),
(21, 'Stephanie Garcia', 'stephanie@example.com', '555 Birch Street, Valleyview, USA', '555-6789'),
(22, 'Michael Rodriguez', 'michael@example.com', '666 Walnut Street, Lakeshore, USA', '555-1234'),
(23, 'Brittany Hernandez', 'brittany@example.com', '777 Pine Street, Hillcrest, USA', '555-5678'),
(24, 'Andrew Smith', 'andrew@example.com', '888 Elm Street, Rivertown, USA', '555-9012'),
(25, 'Emily Brown', 'emily.brown@example.com', '999 Maple Street, Seaside, USA', '555-3456'),
(26, 'Justin Johnson', 'justin@example.com', '111 Cedar Street, Valleytown, USA', '555-7890'),
(27, 'Rachel Wilson', 'rachel@example.com', '222 Birch Street, Lakeside, USA', '555-2345'),
(28, 'Tyler Lee', 'tyler@example.com', '333 Walnut Street, Mountainview, USA', '555-6789'),
(29, 'Kayla Martinez', 'kayla@example.com', '444 Pine Street, Forestville, USA', '555-1234'),
(30, 'Kevin Taylor', 'kevin@example.com', '555 Oak Street, Hilltop, USA', '555-5678');
CREATE TABLE Orders (
    OrderID INT PRIMARY KEY,
    CustomerID INT,
    OrderDate DATE,
    TotalAmount DECIMAL(10, 2),
    ShippingAddress VARCHAR(255),
    PaymentMethod VARCHAR(50),
    FOREIGN KEY (CustomerID) REFERENCES Customers(CustomerID)
);
INSERT INTO Orders (OrderID, CustomerID, OrderDate, TotalAmount, ShippingAddress, PaymentMethod) VALUES
(1, 1, '2024-04-01', 99.99, '123 Main Street, Cityville, USA', 'Credit Card'),
(2, 2, '2024-04-02', 199.99, '456 Elm Street, Townsville, USA', 'PayPal'),
(3, 3, '2024-04-03', 299.99, '789 Oak Street, Villageton, USA', 'Credit Card'),
(4, 4, '2024-04-04', 149.99, '101 Pine Street, Hamletville, USA', 'Credit Card'),
(5, 5, '2024-04-05', 49.99, '234 Maple Street, Burgville, USA', 'PayPal'),
(6, 6, '2024-04-06', 399.99, '567 Cedar Street, Forestville, USA', 'Credit Card'),
(7, 7, '2024-04-07', 299.99, '890 Birch Street, Hilltown, USA', 'Credit Card'),
(8, 8, '2024-04-08', 199.99, '111 Walnut Street, Riversend, USA', 'PayPal'),
(9, 9, '2024-04-09', 149.99, '222 Pine Street, Lakeside, USA', 'Credit Card'),
(10, 10, '2024-04-10', 99.99, '333 Oak Street, Mountainview, USA', 'Credit Card'),
(11, 11, '2024-04-11', 399.99, '444 Elm Street, Valleytown, USA', 'PayPal'),
(12, 12, '2024-04-12', 299.99, '555 Maple Street, Bridgeton, USA', 'Credit Card'),
(13, 13, '2024-04-13', 199.99, '666 Cedar Street, Riversville, USA', 'Credit Card'),
(14, 14, '2024-04-14', 149.99, '777 Birch Street, Hillside, USA', 'PayPal'),
(15, 15, '2024-04-15', 99.99, '888 Walnut Street, Hilltop, USA', 'Credit Card'),
(16, 16, '2024-04-16', 399.99, '999 Pine Street, Mountainville, USA', 'Credit Card'),
(17, 17, '2024-04-17', 299.99, '111 Oak Street, Lakeview, USA', 'PayPal'),
(18, 18, '2024-04-18', 199.99, '222 Elm Street, Seaville, USA', 'Credit Card'),
(19, 19, '2024-04-19', 149.99, '333 Maple Street, Riverview, USA', 'Credit Card'),
(20, 20, '2024-04-20', 99.99, '444 Cedar Street, Hillcrest, USA', 'PayPal'),
(21, 21, '2024-04-21', 399.99, '555 Birch Street, Valleyview, USA', 'Credit Card'),
(22, 22, '2024-04-22', 299.99, '666 Walnut Street, Lakeshore, USA', 'Credit Card'),
(23, 23, '2024-04-23', 199.99, '777 Pine Street, Hillcrest, USA', 'PayPal'),
(24, 24, '2024-04-24', 149.99, '888 Elm Street, Rivertown, USA', 'Credit Card'),
(25, 25, '2024-04-25', 99.99, '999 Maple Street, Seaside, USA', 'Credit Card'),
(26, 26, '2024-04-26', 399.99, '111 Cedar Street, Valleytown, USA', 'PayPal'),
(27, 27, '2024-04-27', 299.99, '222 Birch Street, Lakeside, USA', 'Credit Card'),
(28, 28, '2024-04-28', 199.99, '333 Walnut Street, Mountainview, USA', 'Credit Card'),
(29, 29, '2024-04-29', 149.99, '444 Pine Street, Forestville, USA', 'PayPal'),
(30, 30, '2024-04-30', 99.99, '555 Oak Street, Hilltop, USA', 'Credit Card');
CREATE TABLE OrderDetails (
    OrderDetailID INT PRIMARY KEY,
    OrderID INT,
    ProductID INT,
    Quantity INT,
    UnitPrice DECIMAL(10, 2),
    FOREIGN KEY (OrderID) REFERENCES Orders(OrderID),
    FOREIGN KEY (ProductID) REFERENCES Products(ProductID)
);

INSERT INTO OrderDetails (OrderDetailID, OrderID, ProductID, Quantity, UnitPrice) VALUES
(1, 1, 1, 2, 499.99),
(2, 1, 3, 1, 149.99),
(3, 2, 2, 1, 1499.99),
(4, 2, 5, 3, 209.97),
(5, 3, 4, 1, 29.99),
(6, 4, 6, 1, 79.99),
(7, 4, 8, 2, 259.98),
(8, 5, 9, 1, 49.99),
(9, 6, 10, 4, 59.96),
(10, 7, 11, 1, 12.99),
(11, 7, 12, 2, 19.98),
(12, 8, 14, 1, 59.99),
(13, 9, 15, 2, 79.98),
(14, 9, 17, 1, 149.99),
(15, 10, 18, 3, 74.97),
(16, 11, 19, 1, 19.99),
(17, 12, 21, 1, 79.99),
(18, 12, 23, 1, 79.99),
(19, 13, 24, 1, 89.99),
(20, 14, 26, 1, 29.99),
(21, 15, 27, 2, 49.98),
(22, 16, 28, 1, 39.99),
(23, 16, 30, 1, 9.99),
(24, 17, 1, 1, 499.99),
(25, 17, 3, 2, 299.98),
(26, 18, 5, 1, 69.99),
(27, 18, 7, 1, 49.99),
(28, 19, 8, 1, 129.99),
(29, 19, 10, 2, 29.98),
(30, 20, 12, 1, 9.99);

  